Model,Accuracy,Precision,Recall,F1-Score,ROC-AUC
Logistic Regression,0.9975,0.9975409836065573,0.9975,0.997505850291774,0.9999830316742081
Decision Tree,0.995,0.9950534214175026,0.995,0.9949954621739842,0.9960294117647059
Random Forest,1.0,1.0,1.0,1.0,1.0
SVM,1.0,1.0,1.0,1.0,1.0
Neural Network,0.9975,0.9975177304964538,0.9975,0.9974939441968957,0.9999490950226244
